{
  "authenticationMethod": "none",
  "welcomeFile": "index.html",
  "routes": [
    {
    	"path":"/rest",
    	"target": {
	        "type": "destination",
	        "name": "NBCU-IDM-REST-DEV"
    	},
    	"description": "NBCU-IDM-REST-DEV "
    },
    {
    	"path":"/solr",
    	"target": {
	        "type": "destination",
	        "name": "NBCU-UPDATEAPI-REST-DEV"
    	},
    	"description": "NBCU-UPDATEAPI-REST-DEV "
    },
    {
    	"path": "/filter",
    	"target": {
    		"type": "destination",
    		"name": "NBCU-NBCUNOW-REST-DEV"
    	},
    	"description": "NBCU-NBCUNOW-REST-DEV Filter Service"
    },
    {
      "path": "/searchUser",
      "target": {
	        "type": "destination",
	        "name": "NBCU-SOLR-REST-DEV"
      },
      "description": "NBCU-SOLR-REST-DEV Search Service"
    },
    {
    	"path": "/photo",
    	"target": {
    		"type": "destination",
    		"name": "NBCU-SUPPORTCENTRAL-REST-DEV"
    	},
    	"description": "NBCU-SUPPORTCENTRAL-REST-DEV Photo Service"
    },
    {
      "path": "/resources",
      "target": {
	        "type": "service",
	        "name": "sapui5",
        	"entryPath": "/resources"
      },
      "description": "SAPUI5 Resources"
    },
    {
      "path": "/test-resources",
      "target": {
	        "type": "service",
	        "name": "sapui5",
        	"entryPath": "/test-resources"
      },
      "description": "SAPUI5 Test Resources"
    }
  ],
  "cacheControl": [
    {
      "directive": "private",
      "maxAge": 0,
      "path": "**.html"
    },
    {
      "directive": "private",
      "maxAge": 0,
      "path": "sap-ui-cachebuster-info.json"
    },
    {
      "directive": "public",
      "maxAge": 31536000
    }
  ]
}