{
	"result": false,
	"msg": "Vocabulary not available",
	"data": [{
		"tid": "274",
		"parent": "0",
		"name": "Ad Sales",
		"machine_name": ["Ad Sales"],
		"children": [{
			"tid": "277",
			"parent": "274",
			"name": "Ad Sales Entertainment Programming",
			"machine_name": ["Ad Sales Entertainment Programming"],
			"children": []
		}, {
			"tid": "275",
			"parent": "274",
			"name": "Ad Sales Sales Solutions",
			"machine_name": ["Ad Sales Sales Solutions"],
			"children": []
		}, {
			"tid": "276",
			"parent": "274",
			"name": "Ad Sales Sports Programming",
			"machine_name": ["Ad Sales Sports Programming"],
			"children": []
		}]
	}, {
		"tid": "267",
		"parent": "0",
		"name": "Broadcast Operations",
		"machine_name": ["Broadcast Operations"],
		"children": [{
			"tid": "269",
			"parent": "267",
			"name": "Affiliate Relations",
			"machine_name": ["Affiliate Relations"],
			"children": []
		}, {
			"tid": "272",
			"parent": "267",
			"name": "International TVD",
			"machine_name": ["International TVD"],
			"children": []
		}, {
			"tid": "270",
			"parent": "267",
			"name": "NBCUOTS - TLM NSO",
			"machine_name": ["NBCUOTS - TLM NSO"],
			"children": []
		}, {
			"tid": "273",
			"parent": "267",
			"name": "NBCUOTS - WMAQ",
			"machine_name": ["NBCUOTS - WMAQ"],
			"children": []
		}, {
			"tid": "268",
			"parent": "267",
			"name": "Research",
			"machine_name": ["Research"],
			"children": []
		}, {
			"tid": "271",
			"parent": "267",
			"name": "Television \u0026 New Media Distribution",
			"machine_name": ["Television \u0026 New Media Distribution"],
			"children": []
		}]
	}, {
		"tid": "450",
		"parent": "0",
		"name": "Business Development",
		"machine_name": ["Business Development"],
		"children": []
	}, {
		"tid": "451",
		"parent": "0",
		"name": "Cable Entertainment",
		"machine_name": ["Cable Entertainment"],
		"children": []
	}, {
		"tid": "452",
		"parent": "0",
		"name": "CNBC",
		"machine_name": ["CNBC"],
		"children": []
	}, {
		"tid": "453",
		"parent": "0",
		"name": "Comcast Cable",
		"machine_name": ["Comcast Cable"],
		"children": []
	}, {
		"tid": "454",
		"parent": "0",
		"name": "Comcast Corporate",
		"machine_name": ["Comcast Corporate"],
		"children": []
	}, {
		"tid": "278",
		"parent": "0",
		"name": "Content Distribution",
		"machine_name": ["Content Distribution"],
		"children": [{
			"tid": "280",
			"parent": "278",
			"name": "Content Distribution Finance",
			"machine_name": ["Content Distribution Finance"],
			"children": []
		}, {
			"tid": "279",
			"parent": "278",
			"name": "Content Distribution HR",
			"machine_name": ["Content Distribution HR"],
			"children": []
		}, {
			"tid": "281",
			"parent": "278",
			"name": "Content Distribution Marketing",
			"machine_name": ["Content Distribution Marketing"],
			"children": []
		}]
	}, {
		"tid": "455",
		"parent": "0",
		"name": "Film",
		"machine_name": ["Film"],
		"children": []
	}, {
		"tid": "456",
		"parent": "0",
		"name": "International",
		"machine_name": ["International"],
		"children": []
	}, {
		"tid": "457",
		"parent": "0",
		"name": "NBC Entertainment",
		"machine_name": ["NBC Entertainment"],
		"children": []
	}, {
		"tid": "458",
		"parent": "0",
		"name": "NBC News Group",
		"machine_name": ["NBC News Group"],
		"children": []
	}, {
		"tid": "459",
		"parent": "0",
		"name": "NBC Sports Group",
		"machine_name": ["NBC Sports Group"],
		"children": []
	}, {
		"tid": "460",
		"parent": "0",
		"name": "Operations \u0026 Technical Services",
		"machine_name": ["Operations \u0026 Technical Services"],
		"children": []
	}, {
		"tid": "461",
		"parent": "0",
		"name": "Parks \u0026 Resorts",
		"machine_name": ["Parks \u0026 Resorts"],
		"children": []
	}, {
		"tid": "286",
		"parent": "0",
		"name": "Staff",
		"machine_name": ["Staff"],
		"children": [{
			"tid": "287",
			"parent": "286",
			"name": "Corporate Events",
			"machine_name": ["Corporate Events"],
			"children": []
		}, {
			"tid": "289",
			"parent": "286",
			"name": "International Corporate",
			"machine_name": ["International Corporate"],
			"children": []
		}, {
			"tid": "288",
			"parent": "286",
			"name": "Technology",
			"machine_name": ["Technology"],
			"children": []
		}]
	}, {
		"tid": "282",
		"parent": "0",
		"name": "Telemundo Enterprises",
		"machine_name": ["Telemundo Enterprises"],
		"children": [{
			"tid": "283",
			"parent": "282",
			"name": "TLMD Research \u0026 Insights",
			"machine_name": ["TLMD Research \u0026 Insights"],
			"children": []
		}, {
			"tid": "285",
			"parent": "282",
			"name": "TLMD Strategy",
			"machine_name": ["TLMD Strategy"],
			"children": []
		}, {
			"tid": "284",
			"parent": "282",
			"name": "TLMD TI",
			"machine_name": ["TLMD TI"],
			"children": []
		}]
	}, {
		"tid": "462",
		"parent": "0",
		"name": "UO - Universal CityWalk",
		"machine_name": ["UO - Universal CityWalk"],
		"children": []
	}, {
		"tid": "463",
		"parent": "0",
		"name": "UO - Universal Orlando",
		"machine_name": ["UO - Universal Orlando"],
		"children": []
	}, {
		"tid": "464",
		"parent": "0",
		"name": "UO - Universal Parks \u0026 Resorts",
		"machine_name": ["UO - Universal Parks \u0026 Resorts"],
		"children": []
	}, {
		"tid": "465",
		"parent": "0",
		"name": "UO - Universal Studios Florida",
		"machine_name": ["UO - Universal Studios Florida"],
		"children": []
	}]
}