{
	"groups": [{
		"group": "Corporate",
		"businesses": [{
			"business": "Finance"
		}, {
			"business": "International"
		}, {
			"business": "NBCUniversal Corporate News"
		}, {
			"business": "NBC Entertainment"
		}, {
			"business": "NBCUniversal Media Labs"
		}, {
			"business": "NBCUniversal Telemundo Enterprises"
		}, {
			"business": "News Policies & Legal Toolkit"
		}, {
			"business": "Sourcing/Procurement"
		}, {
			"business": "Talent Lab"
		}, {
			"business": "Universal Filmed Entertainment"
		}]
	}, {
		"group": "Broadcast",
		"businesses": [{
			"business": "NBC Primetime"
		}, {
			"business": "NBC News"
		}, {
			"business": "NBC Olympics"
		}, {
			"business": "NBC Sports"
		}, {
			"business": "Telemundo"
		}]
	}, {
		"group": "Local Media",
		"businesses": [{
			"business": "Cozi TV"
		}, {
			"business": "NBC Sports Regional Networks"
		}, {
			"business": "NBC Universal Owned Television Stations"
		}, {
			"business": "TeleXitos"
		}]
	}, {
		"group": "Cable",
		"businesses": [{
			"business": "Bravo Media"
		}, {
			"business": "Chiller"
		}, {
			"business": "Cloo"
		}, {
			"business": "CNBC"
		}, {
			"business": "E! Entertainment"
		}, {
			"business": "Esquire Network"
		}, {
			"business": "Golf Channel"
		}, {
			"business": "MSNBC"
		}, {
			"business": "NBC Sports Network (NBCSN)"
		}, {
			"business": "NBC Universo"
		}, {
			"business": "Oxygen Media"
		}, {
			"business": "Sprout"
		}, {
			"business": "Syfy"
		}, {
			"business": "USA Network"
		}]
	}, {
		"group": "Digital Media",
		"businesses": [{
			"business": "Fandango"
		}, {
			"business": "GolfNow"
		}, {
			"business": "Seeso"
		}]
	}, {
		"group": "Film (Universal Filmed Entertainment)",
		"businesses": [{
			"business": "Focus Features"
		}, {
			"business": "DreamWorks Animation"
		}, {
			"business": "Universal Pictures"
		}, {
			"business": "Universal Pictures Home Entertainment"
		}]
	}, {
		"group": "International",
		"businesses": [{
			"business": "13th Street"
		}, {
			"business": "Carnival"
		}, {
			"business": "Chocolate"
		}, {
			"business": "CNBC International"
		}, {
			"business": "Diva Universal"
		}, {
			"business": "E! International"
		}, {
			"business": "Focus Features International"
		}, {
			"business": "Kidsco"
		}, {
			"business": "Lark"
		}, {
			"business": "Lucky Giant"
		}, {
			"business": "Matchbox"
		}, {
			"business": "mCloud"
		}, {
			"business": "NBCUniversal International Television"
		}, {
			"business": "Picture Box Movies"
		}, {
			"business": "Studio Universal"
		}, {
			"business": "Sigh International"
		}, {
			"business": "Telemundo Internaclonal"
		}, {
			"business": "Universal Channel"
		}, {
			"business": "Universal Japan"
		}, {
			"business": "Universal Pictures International"
		}]
	}, {
		"group": "Operations & Technical Services",
		"businesses": [{
			"business": "Business Services/Global Real Estate"
		}, {
			"business": "Mobile Services"
		}, {
			"business": "O&TS Home"
		}, {
			"business": "Operations"
		}, {
			"business": "Smart Bar"
		}, {
			"business": "Technology"
		}, {
			"business": "TechnologySAFE"
		}]
	}, {
		"group": "Studio & Distribution",
		"businesses": [{
			"business": "Telemundo Studios"
		}, {
			"business": "Universal Cable Productions"
		}, {
			"business": "Universal Television"
		}]
	}, {
		"group": "Universal Parks & Resorts",
		"businesses": [{
			"business": "Universal Orlando Resort"
		}, {
			"business": "Universal Studios Hollywood"
		}, {
			"business": "Universal Studios Japan"
		}, {
			"business": "Universal Studios Singapore"
		}]
	}]
}