{
	"result": false,
	"msg": "Vocabulary not available",
	"data": [{
		"tid": "265",
		"parent": "0",
		"name": "Atlanta, GA ",
		"machine_name": ["604000000"],
		"children": []
	}, {
		"tid": "263",
		"parent": "0",
		"name": "Englewood Cliffs, NJ",
		"machine_name": ["usnjenc1", "usnjenc3"],
		"children": []
	}, {
		"tid": "258",
		"parent": "0",
		"name": "Hialeah, FL",
		"machine_name": ["usflhia1"],
		"children": []
	}, {
		"tid": "264",
		"parent": "0",
		"name": "London, GB",
		"machine_name": ["gblon011"],
		"children": []
	}, {
		"tid": "266",
		"parent": "0",
		"name": "Los Angeles, CA",
		"machine_name": ["uscalag8", "uscalag7", "uscalag3"],
		"children": []
	}, {
		"tid": "260",
		"parent": "0",
		"name": "New York, NY",
		"machine_name": ["usnyny11", "usnyny22", "usnyothr"],
		"children": []
	}, {
		"tid": "257",
		"parent": "0",
		"name": "Orlando, FL",
		"machine_name": ["usflorl2", "usflorl3"],
		"children": []
	}, {
		"tid": "261",
		"parent": "0",
		"name": "Philadelphia, PA",
		"machine_name": ["ccpap22"],
		"children": []
	}, {
		"tid": "262",
		"parent": "0",
		"name": "Stamford, CT",
		"machine_name": ["usctsta4"],
		"children": []
	}, {
		"tid": "259",
		"parent": "0",
		"name": "Universal City, CA",
		"machine_name": ["uscauni1", "uscauni2"],
		"children": []
	}]
}